{
  "phase": "Phase 12 Reliability / Applicability Diagnosis",
  "diagnostic_object": {
    "boundary_band_pixels": 1,
    "boundary_weight": 2.0,
    "runs": [
      "runs\\phase10_margin_aware_boundary_band_seed123_40e",
      "runs\\phase10_margin_aware_boundary_band_seed42_40e",
      "runs\\phase10_margin_aware_boundary_band_seed202_40e"
    ],
    "split": "test",
    "wet_threshold": 0.05
  },
  "constraints": {
    "retrained": false,
    "modified_model_architecture": false,
    "modified_training_code": false,
    "modified_phase10_loss": false,
    "opened_new_sweep": false
  },
  "data_sources": {
    "saved_evaluation_test_forecast_maps": 57
  },
  "run_batch_counts": {
    "phase10_margin_aware_boundary_band_seed123_40e": 19,
    "phase10_margin_aware_boundary_band_seed42_40e": 19,
    "phase10_margin_aware_boundary_band_seed202_40e": 19
  },
  "overall": {
    "count": 22413312,
    "rmse": 0.05696294833561643,
    "mae": 0.020817629454476416,
    "bias": -0.007694475153356546,
    "wet_dry_iou": 0.7604868818800334,
    "wet_dry_class_error_rate": 0.030525609066611843,
    "pred_wet_fraction": 0.10824763426306652,
    "target_wet_fraction": 0.11612393563253838
  },
  "runs": [
    {
      "seed": "seed123",
      "run_name": "phase10_margin_aware_boundary_band_seed123_40e",
      "count": 7471104,
      "rmse": 0.062437622937771296,
      "mae": 0.02252520121520355,
      "bias": -0.007889058334532217,
      "wet_dry_iou": 0.7469865277603448,
      "wet_dry_class_error_rate": 0.03237687495716831,
      "pred_wet_fraction": 0.10742923669647753,
      "target_wet_fraction": 0.11612393563253838
    },
    {
      "seed": "seed202",
      "run_name": "phase10_margin_aware_boundary_band_seed202_40e",
      "count": 7471104,
      "rmse": 0.047879057812862315,
      "mae": 0.018512268700884207,
      "bias": -0.006647128935857875,
      "wet_dry_iou": 0.8071346169780175,
      "wet_dry_class_error_rate": 0.02430162931743421,
      "pred_wet_fraction": 0.11158056426466557,
      "target_wet_fraction": 0.11612393563253838
    },
    {
      "seed": "seed42",
      "run_name": "phase10_margin_aware_boundary_band_seed42_40e",
      "count": 7471104,
      "rmse": 0.05952706539122859,
      "mae": 0.02141541844734149,
      "bias": -0.008547238189679549,
      "wet_dry_iou": 0.7281589535440188,
      "wet_dry_class_error_rate": 0.034898322925233004,
      "pred_wet_fraction": 0.10573310182805647,
      "target_wet_fraction": 0.11612393563253838
    }
  ],
  "top_failure_cases": [
    {
      "seed": "seed42",
      "run_name": "phase10_margin_aware_boundary_band_seed42_40e",
      "run_root": "runs\\phase10_margin_aware_boundary_band_seed42_40e",
      "batch_index": 9,
      "sample_index": 0,
      "split": "test",
      "location": "location2",
      "event": "r300y_p0.6_d3h",
      "start_idx": 0,
      "input_steps": 12,
      "pred_steps": 12,
      "alignment_mode": "mass_preserving",
      "target_max_depth": 2.7899465560913086,
      "target_mean_depth": 0.028809237841890056,
      "target_wet_fraction": 0.08835856119791667,
      "prediction_max_depth": 1.0704457759857178,
      "prediction_mean_depth": 0.008790115120291375,
      "max_abs_error": 2.7418818175792694,
      "source": "saved_evaluation_test_forecast_maps",
      "count": 196608,
      "rmse": 0.10325791473346656,
      "mae": 0.02642407461105421,
      "bias": -0.020019122721598687,
      "wet_dry_iou": 0.4647155361050328,
      "wet_dry_class_error_rate": 0.049769083658854164,
      "pred_wet_fraction": 0.047826131184895836,
      "failure_rank": 1
    },
    {
      "seed": "seed123",
      "run_name": "phase10_margin_aware_boundary_band_seed123_40e",
      "run_root": "runs\\phase10_margin_aware_boundary_band_seed123_40e",
      "batch_index": 9,
      "sample_index": 0,
      "split": "test",
      "location": "location2",
      "event": "r300y_p0.6_d3h",
      "start_idx": 0,
      "input_steps": 12,
      "pred_steps": 12,
      "alignment_mode": "mass_preserving",
      "target_max_depth": 2.7899465560913086,
      "target_mean_depth": 0.028809237841890056,
      "target_wet_fraction": 0.08835856119791667,
      "prediction_max_depth": 1.4618170261383057,
      "prediction_mean_depth": 0.01065411051429995,
      "max_abs_error": 2.7500986605882645,
      "source": "saved_evaluation_test_forecast_maps",
      "count": 196608,
      "rmse": 0.10117675408162265,
      "mae": 0.025405211114805787,
      "bias": -0.018155127327590115,
      "wet_dry_iou": 0.49508178603006187,
      "wet_dry_class_error_rate": 0.046473185221354164,
      "pred_wet_fraction": 0.049250284830729164,
      "failure_rank": 2
    },
    {
      "seed": "seed42",
      "run_name": "phase10_margin_aware_boundary_band_seed42_40e",
      "run_root": "runs\\phase10_margin_aware_boundary_band_seed42_40e",
      "batch_index": 11,
      "sample_index": 1,
      "split": "test",
      "location": "location2",
      "event": "r300y_p0.8_d3h",
      "start_idx": 0,
      "input_steps": 12,
      "pred_steps": 12,
      "alignment_mode": "mass_preserving",
      "target_max_depth": 2.8395590782165527,
      "target_mean_depth": 0.027898640336869802,
      "target_wet_fraction": 0.09125773111979167,
      "prediction_max_depth": 1.1315656900405884,
      "prediction_mean_depth": 0.008866378250331763,
      "max_abs_error": 2.8095106035470963,
      "source": "saved_evaluation_test_forecast_maps",
      "count": 196608,
      "rmse": 0.09955135308034255,
      "mae": 0.026265675541442074,
      "bias": -0.019032262086538052,
      "wet_dry_iou": 0.4010117510670812,
      "wet_dry_class_error_rate": 0.0578155517578125,
      "pred_wet_fraction": 0.043970743815104164,
      "failure_rank": 3
    },
    {
      "seed": "seed123",
      "run_name": "phase10_margin_aware_boundary_band_seed123_40e",
      "run_root": "runs\\phase10_margin_aware_boundary_band_seed123_40e",
      "batch_index": 11,
      "sample_index": 1,
      "split": "test",
      "location": "location2",
      "event": "r300y_p0.8_d3h",
      "start_idx": 0,
      "input_steps": 12,
      "pred_steps": 12,
      "alignment_mode": "mass_preserving",
      "target_max_depth": 2.8395590782165527,
      "target_mean_depth": 0.027898640336869802,
      "target_wet_fraction": 0.09125773111979167,
      "prediction_max_depth": 1.3124234676361084,
      "prediction_mean_depth": 0.007340728603708158,
      "max_abs_error": 2.8151546120643616,
      "source": "saved_evaluation_test_forecast_maps",
      "count": 196608,
      "rmse": 0.09742745060894134,
      "mae": 0.025568687125680434,
      "bias": -0.020557911733161658,
      "wet_dry_iou": 0.40090380890897354,
      "wet_dry_class_error_rate": 0.056640625,
      "pred_wet_fraction": 0.041188557942708336,
      "failure_rank": 4
    },
    {
      "seed": "seed202",
      "run_name": "phase10_margin_aware_boundary_band_seed202_40e",
      "run_root": "runs\\phase10_margin_aware_boundary_band_seed202_40e",
      "batch_index": 11,
      "sample_index": 1,
      "split": "test",
      "location": "location2",
      "event": "r300y_p0.8_d3h",
      "start_idx": 0,
      "input_steps": 12,
      "pred_steps": 12,
      "alignment_mode": "mass_preserving",
      "target_max_depth": 2.8395590782165527,
      "target_mean_depth": 0.027898640336869802,
      "target_wet_fraction": 0.09125773111979167,
      "prediction_max_depth": 1.295573115348816,
      "prediction_mean_depth": 0.011165884200939521,
      "max_abs_error": 2.7434489876031876,
      "source": "saved_evaluation_test_forecast_maps",
      "count": 196608,
      "rmse": 0.09109659551631347,
      "mae": 0.023557767760295972,
      "bias": -0.016732756135930296,
      "wet_dry_iou": 0.4723923169519024,
      "wet_dry_class_error_rate": 0.051274617513020836,
      "pred_wet_fraction": 0.0518341064453125,
      "failure_rank": 5
    },
    {
      "seed": "seed202",
      "run_name": "phase10_margin_aware_boundary_band_seed202_40e",