{
  "delta_phase25_minus_phase10": {
    "mae": {
      "delta_phase25_minus_phase10": -9.168929567462611e-05,
      "phase10": 0.018512269383982607,
      "phase25": 0.01842058008830798
    },
    "rmse": {
      "delta_phase25_minus_phase10": -0.0024344107430232242,
      "phase10": 0.04663824505711857,
      "phase25": 0.044203834314095344
    },
    "rollout_stability": {
      "delta_phase25_minus_phase10": 0.0010218526187696364,
      "phase10": 0.9884274978386728,
      "phase25": 0.9894493504574424
    },
    "step_rmse_std": {
      "delta_phase25_minus_phase10": -0.0010579369570079596,
      "phase10": 0.011776020235725139,
      "phase25": 0.01071808327871718
    },
    "wet_dry_iou": {
      "delta_phase25_minus_phase10": 0.03481703682949677,
      "phase10": 0.778361882034101,
      "phase25": 0.8131789188635977
    }
  },
  "phase10_seed123_baseline": {
    "mae": 0.018512269383982607,
    "rmse": 0.04663824505711857,
    "rollout_stability": 0.9884274978386728,
    "step_rmse_std": 0.011776020235725139,
    "wet_dry_iou": 0.778361882034101
  },
  "phase25_seed123": {
    "mae": 0.01842058008830798,
    "rmse": 0.044203834314095344,
    "rollout_stability": 0.9894493504574424,
    "step_rmse_std": 0.01071808327871718,
    "wet_dry_iou": 0.8131789188635977
  }
}
