location,channels_present_train,channels_shape_128x128_train,all_train_channels_shape_128x128,train_test_all_channels_allclose,dem_valid_pixel_count,dem_valid_ratio,dem_high_invalid_count,dem_high_invalid_ratio,dem_min,dem_max,dem_mean,dem_has_100_value,dem_100_count,impervious_min,impervious_max,impervious_mean,impervious_valid_domain_mean,impervious_mostly_between_0_and_1,manhole_min,manhole_max,manhole_mean,manhole_nonzero_ratio,manhole_valid_domain_nonzero_ratio,manhole_valid_domain_mean
location1,3,3,True,True,13419,0.81903076171875,2965,0.18096923828125,-0.016762489452958107,100.0,27.55670695563083,True,2965,0.0,0.949999988079071,0.7079832094791527,0.7082418161117824,True,0.0,0.04822835698723793,0.00035339802064981995,0.0423583984375,0.05119606528057232,0.0004283464294404726
location2,3,3,True,True,15625,0.95367431640625,759,0.04632568359375,3.168243646621704,100.0,20.033259841191466,True,759,0.0,0.949999988079071,0.7117959946165229,0.7463721968510151,True,0.0,0.030066024512052536,0.0004117012025801614,0.041748046875,0.043776,0.00043170000019669534
location3,3,3,True,True,14102,0.8607177734375,2282,0.1392822265625,10.688794136047363,100.0,39.55225899780635,True,2282,0.0,0.949999988079071,0.746847720034566,0.7651044577508087,True,0.0,0.04908738657832146,0.0010424478284107863,0.16552734375,0.1906821727414551,0.0012037235206926095
