{
  "delta_phase25_minus_phase10": {
    "mae": {
      "delta_phase25_minus_phase10": -0.0009885390142076872,
      "phase10": 0.02252520179670108,
      "phase25": 0.02153666278249339
    },
    "rmse": {
      "delta_phase25_minus_phase10": -0.004894902635561797,
      "phase10": 0.061625179099409205,
      "phase25": 0.05673027646384741
    },
    "rollout_stability": {
      "delta_phase25_minus_phase10": 0.0003935255502399704,
      "phase10": 0.982880363338872,
      "phase25": 0.9832738888891119
    },
    "step_rmse_std": {
      "delta_phase25_minus_phase10": -0.0004226560949494966,
      "phase10": 0.017476716078817844,
      "phase25": 0.017054059983868348
    },
    "wet_dry_iou": {
      "delta_phase25_minus_phase10": 0.07342857279275594,
      "phase10": 0.7068078314003191,
      "phase25": 0.780236404193075
    }
  },
  "phase10_seed123_baseline": {
    "mae": 0.02252520179670108,
    "rmse": 0.061625179099409205,
    "rollout_stability": 0.982880363338872,
    "step_rmse_std": 0.017476716078817844,
    "wet_dry_iou": 0.7068078314003191
  },
  "phase25_seed123": {
    "mae": 0.02153666278249339,
    "rmse": 0.05673027646384741,
    "rollout_stability": 0.9832738888891119,
    "step_rmse_std": 0.017054059983868348,
    "wet_dry_iou": 0.780236404193075
  }
}
