{
  "delta_phase25_minus_phase10": {
    "mae": {
      "delta_phase25_minus_phase10": -0.0034759743629317504,
      "phase10": 0.021415419190337782,
      "phase25": 0.01793944482740603
    },
    "rmse": {
      "delta_phase25_minus_phase10": -0.013840686137738978,
      "phase10": 0.05858768875661649,
      "phase25": 0.04474700261887751
    },
    "rollout_stability": {
      "delta_phase25_minus_phase10": 0.0016889572143554688,
      "phase10": 0.9878152420646266,
      "phase25": 0.989504199278982
    },
    "step_rmse_std": {
      "delta_phase25_minus_phase10": -0.001732742658963329,
      "phase10": 0.012386485223511332,
      "phase25": 0.010653742564548003
    },
    "wet_dry_iou": {
      "delta_phase25_minus_phase10": 0.12176361836885152,
      "phase10": 0.6821141023384897,
      "phase25": 0.8038777207073412
    }
  },
  "phase10_seed42_baseline": {
    "mae": 0.021415419190337782,
    "rmse": 0.05858768875661649,
    "rollout_stability": 0.9878152420646266,
    "step_rmse_std": 0.012386485223511332,
    "wet_dry_iou": 0.6821141023384897
  },
  "phase25_seed42": {
    "mae": 0.01793944482740603,
    "rmse": 0.04474700261887751,
    "rollout_stability": 0.989504199278982,
    "step_rmse_std": 0.010653742564548003,
    "wet_dry_iou": 0.8038777207073412
  }
}
